Male,44,Some college,Scotland,likeOnly,linked data,2,1,4,2,2,4,0.4,-1.0,7,4
Male,44,Some college,Scotland,likeOnly,linked data,1,1,4,2,2,4,0.2,-1.0,7,4
Male,44,Some college,Scotland,likeOnly,linked data,1,1,4,2,2,4,0.4,-1.0,7,4
Male,44,Some college,Scotland,likeOnly,linked data,2,2,2,4,2,2,0.0,-1.0,7,4
Male,44,Some college,Scotland,likeOnly,linked data,2,1,4,2,2,4,0.4,-1.0,7,4
Male,44,Some college,Scotland,likeOnly,linked data,1,1,4,2,2,4,0.4,-1.0,7,4
Female,37,Advanced graduate or Ph.D.,England,both,linked data,1,1,1,1,1,4,0.2,0.0,4,5
Female,37,Advanced graduate or Ph.D.,England,both,linked data,1,1,1,1,1,5,0.2,0.0,4,5
Female,37,Advanced graduate or Ph.D.,England,both,linked data,1,1,1,1,1,5,0.2,0.0,4,5
Female,37,Advanced graduate or Ph.D.,England,both,linked data,1,1,1,1,1,4,0.2,0.0,4,5
Female,37,Advanced graduate or Ph.D.,England,both,linked data,2,1,4,2,4,3,0.051031036308,0.0,4,5
Male,36,Bachelor degree,England,both,linked data,2,2,1,5,5,1,0.2,0.0,3,2
Male,36,Bachelor degree,England,both,linked data,1,1,3,1,1,5,0.4,0.0,3,2
Male,36,Bachelor degree,England,both,linked data,2,2,1,5,5,1,0.5,0.0,3,2
Male,36,Bachelor degree,England,both,linked data,2,2,1,5,5,1,0.5,0.0,3,2
Male,36,Bachelor degree,England,both,linked data,2,2,4,2,3,4,0.2,0.0,3,2
Male,36,Bachelor degree,England,both,linked data,1,1,4,1,1,5,0.4,0.0,3,2
Female,30,Bachelor degree,England,both,linked data,2,1,3,2,2,3,0.4,0.0,4,2
Female,30,Bachelor degree,England,both,linked data,2,2,2,4,4,2,0.2,0.0,4,2
Female,30,Bachelor degree,England,both,linked data,1,2,3,4,3,3,0.245453880284,0.0,4,2
Female,30,Bachelor degree,England,both,linked data,1,2,1,5,4,1,0.2,0.0,4,2
Female,30,Bachelor degree,England,both,linked data,2,2,2,4,4,2,0.25,0.0,4,2
Female,30,Bachelor degree,England,both,linked data,1,1,3,1,2,5,0.322879576312,0.0,4,2
Female,30,Bachelor degree,England,both,linked data,2,2,2,4,4,1,0.0,0.0,4,2
Female,40,High school graduate,England,both,linked data,2,2,2,4,5,1,0.0,0.0,7,7
Female,40,High school graduate,England,both,linked data,2,1,4,2,4,3,0.4,0.0,7,7
Female,40,High school graduate,England,both,linked data,2,1,4,2,4,4,0.4,0.0,7,7
Female,40,High school graduate,England,both,linked data,2,2,3,3,4,3,0.4,0.0,7,7
Female,40,High school graduate,England,both,linked data,2,2,2,4,4,2,0.4,0.0,7,7
Female,40,High school graduate,England,both,linked data,1,1,5,1,2,5,0.2,0.0,7,7
Female,40,High school graduate,England,both,linked data,2,2,2,4,4,2,0.4,0.0,7,7
Female,40,High school graduate,England,both,linked data,2,2,2,5,5,1,0.2,0.0,7,7
Female,40,High school graduate,England,both,linked data,1,2,2,4,4,3,0.2,0.0,7,7
Female,42,High school graduate,Wales,both,linked data,1,1,5,1,2,4,0.4,0.0,6,3
Female,42,High school graduate,Wales,both,linked data,1,1,4,2,2,4,0.136082763488,0.0,6,3
Female,42,High school graduate,Wales,both,linked data,2,1,5,1,1,5,0.4,0.0,6,3
Female,42,High school graduate,Wales,both,linked data,2,2,1,5,5,1,0.068041381744,0.0,6,3
Female,42,High school graduate,Wales,both,linked data,2,2,2,4,3,3,0.2,0.0,6,3
Female,59,High school graduate,Wales,both,linked data,1,1,4,1,1,4,0.2,0.0,6,6
Female,59,High school graduate,Wales,both,linked data,1,1,5,1,1,5,0.4,0.0,6,6
Female,59,High school graduate,Wales,both,linked data,2,1,4,1,2,4,0.4,0.0,6,6
Female,59,High school graduate,Wales,both,linked data,1,1,3,2,4,3,0.2,0.0,6,6
Female,59,High school graduate,Wales,both,linked data,1,1,4,2,3,4,0.4,0.0,6,6
Female,59,High school graduate,Wales,both,linked data,2,2,3,2,4,3,0.2,0.0,6,6
Female,59,High school graduate,Wales,both,linked data,1,1,3,2,4,3,0.2,0.0,6,6
Female,59,High school graduate,Wales,both,linked data,2,2,3,3,3,2,0.22360679775,0.0,6,6
Male,32,High school graduate,England,likeOnly,linked data,1,1,1,1,1,4,0.2,-1.0,9,9
Male,32,High school graduate,England,likeOnly,linked data,1,1,1,1,1,4,0.4,-1.0,9,9
Male,32,High school graduate,England,likeOnly,linked data,1,1,5,2,3,4,0.4,-1.0,9,9
Male,32,High school graduate,England,likeOnly,linked data,1,1,4,2,3,4,0.4,-1.0,9,9
Male,32,High school graduate,England,likeOnly,linked data,1,1,4,2,3,4,0.4,-1.0,9,9
Male,32,High school graduate,England,likeOnly,linked data,1,1,4,2,3,4,0.291806872688,-1.0,9,9
Male,23,Bachelor degree,England,likeOnly,linked data,2,1,3,4,3,2,0.4,-1.0,2,3
Male,23,Bachelor degree,England,likeOnly,linked data,1,1,4,3,4,3,0.4,-1.0,2,3
Male,23,Bachelor degree,England,likeOnly,linked data,1,1,4,4,4,3,0.4,-1.0,2,3
Male,23,Bachelor degree,England,likeOnly,linked data,2,2,3,2,2,2,0.0457830057116,-1.0,2,3
Male,23,Bachelor degree,England,likeOnly,linked data,2,1,4,3,4,4,0.0,-1.0,2,3
Male,23,Bachelor degree,England,likeOnly,linked data,1,1,4,3,4,4,0.45,-1.0,2,3
Female,45,High school graduate,England,both,linked data,2,2,3,3,3,2,0.2,0.0,4,5
Female,45,High school graduate,England,both,linked data,1,2,3,2,2,4,0.2,0.0,4,5
Female,45,High school graduate,England,both,linked data,2,2,3,3,3,4,0.125,0.0,4,5
Female,45,High school graduate,England,both,linked data,1,2,4,2,2,4,0.4,0.0,4,5
Female,45,High school graduate,England,both,linked data,2,1,5,1,1,5,0.4,0.0,4,5
Male,56,Some college,England,both,linked data,1,1,5,1,2,4,0.4,0.0,6,8
Male,56,Some college,England,both,linked data,2,1,4,2,3,4,0.4,0.0,6,8
Male,56,Some college,England,both,linked data,2,2,3,3,3,3,0.4,0.0,6,8
Male,56,Some college,England,both,linked data,1,1,4,2,3,4,0.2,0.0,6,8
Male,56,Some college,England,both,linked data,2,1,4,2,3,4,0.4,0.0,6,8
Male,56,Some college,England,both,linked data,2,1,5,2,2,4,0.0,0.0,6,8
Male,56,Some college,England,both,linked data,2,1,4,2,3,4,0.0,0.0,6,8
Male,38,Bachelor degree,England,both,linked data,2,2,1,5,1,1,0.068041381744,0.0,3,4
Male,38,Bachelor degree,England,both,linked data,1,1,5,1,5,5,0.4,0.0,3,4
Male,38,Bachelor degree,England,both,linked data,2,2,1,4,2,2,0.0953965092,0.0,3,4
Male,38,Bachelor degree,England,both,linked data,2,2,1,4,3,3,0.4,0.0,3,4
Male,38,Bachelor degree,England,both,linked data,2,2,1,4,3,2,0.4,0.0,3,4
Male,38,Bachelor degree,England,both,linked data,1,1,5,1,2,5,0.4,0.0,3,4
Male,49,Master degree,England,both,linked data,2,1,4,2,3,3,0.051031036308,0.0,4,5
Male,49,Master degree,England,both,linked data,2,2,3,2,4,2,0.4,0.0,4,5
Male,49,Master degree,England,both,linked data,1,1,4,2,3,4,0.0,0.0,4,5
Male,49,Master degree,England,both,linked data,1,1,3,2,4,4,0.2,0.0,4,5
Male,49,Master degree,England,both,linked data,2,1,5,1,2,4,0.4,0.0,4,5
Male,49,Master degree,England,both,linked data,2,1,4,2,2,4,0.4,0.0,4,5
Male,49,Master degree,England,both,linked data,2,1,4,2,3,4,0.2,0.0,4,5
Male,49,Master degree,England,both,linked data,1,2,2,4,2,2,0.2,0.0,4,5
Male,49,Master degree,England,both,linked data,1,1,4,2,4,4,0.2,0.0,4,5
Male,49,Master degree,England,both,linked data,1,1,4,2,2,4,0.4,0.0,4,5
Female,33,Master degree,Wales,likeOnly,linked data,2,1,4,2,4,4,0.4,-1.0,5,7
Female,33,Master degree,Wales,likeOnly,linked data,1,1,4,2,2,3,0.2,-1.0,5,7
Female,33,Master degree,Wales,likeOnly,linked data,2,1,3,3,3,3,0.4,-1.0,5,7
Female,33,Master degree,Wales,likeOnly,linked data,2,2,3,3,3,3,0.4,-1.0,5,7
Female,33,Master degree,Wales,likeOnly,linked data,2,1,4,2,2,4,0.4,-1.0,5,7
Female,33,Master degree,Wales,likeOnly,linked data,2,1,4,2,2,4,0.2,-1.0,5,7
Female,28,Some college,England,both,linked data,1,2,3,4,5,2,0.2,0.0,4,4
Female,28,Some college,England,both,linked data,2,1,4,2,2,4,0.4,0.0,4,4
Female,28,Some college,England,both,linked data,2,2,1,5,4,2,0.0,0.0,4,4
Female,28,Some college,England,both,linked data,2,1,4,2,3,3,0.4,0.0,4,4
Female,28,Some college,England,both,linked data,2,1,5,1,2,4,0.4,0.0,4,4
Female,28,Some college,England,both,linked data,2,1,4,2,4,3,0.2,0.0,4,4
Female,40,Master degree,Northern Ireland,both,linked data,2,1,4,2,3,3,0.400445931434,0.0,3,4
Female,40,Master degree,Northern Ireland,both,linked data,1,1,3,2,3,3,0.7,0.0,3,4
Female,40,Master degree,Northern Ireland,both,linked data,2,2,2,4,4,2,0.271428571429,0.0,3,4
Female,40,Master degree,Northern Ireland,both,linked data,2,2,1,5,5,1,0.0597614304667,0.0,3,4
Female,40,Master degree,Northern Ireland,both,linked data,2,1,4,2,2,4,0.4,0.0,3,4
Female,40,Master degree,Northern Ireland,both,linked data,2,1,4,2,4,3,0.7,0.0,3,4
Female,47,High school graduate,Wales,both,linked data,2,1,3,2,4,4,0.2,0.0,3,3
Female,47,High school graduate,Wales,both,linked data,2,1,4,2,2,4,0.366666666667,0.0,3,3
Female,47,High school graduate,Wales,both,linked data,1,1,4,1,2,5,0.2,0.0,3,3
Female,47,High school graduate,Wales,both,linked data,2,1,4,1,2,4,0.2,0.0,3,3
Female,47,High school graduate,Wales,both,linked data,1,1,4,1,2,5,0.2,0.0,3,3
Female,47,High school graduate,Wales,both,linked data,1,1,4,2,4,3,0.2,0.0,3,3
Female,47,High school graduate,Wales,both,linked data,1,1,4,1,2,5,0.366666666667,0.0,3,3
Female,24,Some college,England,both,linked data,2,2,3,3,3,2,0.4,0.0,5,6
Female,24,Some college,England,both,linked data,1,1,3,2,2,4,0.2,0.0,5,6
Female,24,Some college,England,both,linked data,2,1,3,3,4,3,0.2,0.0,5,6
Female,24,Some college,England,both,linked data,2,2,3,4,3,3,0.4,0.0,5,6
Female,24,Some college,England,both,linked data,1,2,2,4,3,2,0.4,0.0,5,6
Female,52,Bachelor degree,England,both,linked data,1,2,2,5,4,1,0.2,0.0,5,7
Female,52,Bachelor degree,England,both,linked data,1,1,4,2,2,4,0.106066017178,0.0,5,7
Female,52,Bachelor degree,England,both,linked data,2,2,3,3,2,4,0.4,0.0,5,7
Female,52,Bachelor degree,England,both,linked data,1,1,4,2,2,4,0.2,0.0,5,7
Female,52,Bachelor degree,England,both,linked data,1,1,4,2,2,4,0.4,0.0,5,7
Female,52,Bachelor degree,England,both,linked data,2,1,3,2,4,3,0.4,0.0,5,7
Female,52,Bachelor degree,England,both,linked data,1,1,4,2,4,3,0.2,0.0,5,7
Female,52,Bachelor degree,England,both,linked data,2,1,3,3,3,3,0.4,0.0,5,7
Female,50,Bachelor degree,Scotland,both,linked data,2,2,2,2,3,3,0.0163739762503,0.0,4,4
Female,50,Bachelor degree,Scotland,both,linked data,2,1,4,2,2,4,0.4,0.0,4,4
Female,50,Bachelor degree,Scotland,both,linked data,1,1,4,2,3,4,0.4,0.0,4,4
Female,50,Bachelor degree,Scotland,both,linked data,2,1,4,2,3,4,0.4,0.0,4,4
Female,50,Bachelor degree,Scotland,both,linked data,2,2,2,4,3,4,0.2,0.0,4,4
Male,55,Bachelor degree,England,both,linked data,2,2,1,1,5,1,0.4,0.0,4,3
Male,55,Bachelor degree,England,both,linked data,2,2,1,1,5,1,0.0211096728868,0.0,4,3
Male,55,Bachelor degree,England,both,linked data,1,1,5,1,1,5,0.0770048747066,0.0,4,3
Male,55,Bachelor degree,England,both,linked data,2,2,1,5,5,1,0.238531036308,0.0,4,3
Male,55,Bachelor degree,England,both,linked data,2,2,3,3,3,2,0.0582291155375,0.0,4,3
Female,29,Bachelor degree,England,both,linked data,1,1,1,1,2,5,0.4,0.0,6,9
Female,29,Bachelor degree,England,both,linked data,2,1,5,1,4,4,0.4,0.0,6,9
Female,29,Bachelor degree,England,both,linked data,2,1,4,2,4,3,0.2,0.0,6,9
Female,29,Bachelor degree,England,both,linked data,2,1,4,1,4,3,0.4,0.0,6,9
Female,29,Bachelor degree,England,both,linked data,2,2,2,2,5,2,0.4,0.0,6,9
Female,29,Bachelor degree,England,both,linked data,2,2,2,4,4,2,0.0739415278851,0.0,6,9
Female,29,Bachelor degree,England,both,linked data,1,1,2,1,3,4,0.2,0.0,6,9
Female,29,Bachelor degree,England,both,linked data,1,1,4,2,1,5,0.2,0.0,6,9
Female,29,Bachelor degree,England,both,linked data,1,1,1,1,4,4,0.2,0.0,6,9
Male,40,Master degree,England,both,linked data,1,1,3,3,3,2,0.4,0.0,6,4
Male,40,Master degree,England,both,linked data,2,2,2,4,3,2,0.2,0.0,6,4
Male,40,Master degree,England,both,linked data,2,2,2,4,3,3,0.4,0.0,6,4
Male,40,Master degree,England,both,linked data,1,1,4,2,1,4,0.2,0.0,6,4
Male,40,Master degree,England,both,linked data,2,1,4,2,2,4,0.4,0.0,6,4
Male,40,Master degree,England,both,linked data,2,2,2,4,3,3,0.2,0.0,6,4
Male,40,Master degree,England,both,linked data,2,1,4,2,2,4,0.2,0.0,6,4
Male,40,Master degree,England,both,linked data,1,1,4,2,2,4,0.4,0.0,6,4
Female,32,Master degree,England,both,linked data,1,1,4,2,3,4,0.0,0.0,6,6
Female,32,Master degree,England,both,linked data,2,1,4,2,2,4,0.4,0.0,6,6
Female,32,Master degree,England,both,linked data,1,1,4,2,2,4,0.4,0.0,6,6
Female,32,Master degree,England,both,linked data,2,2,1,5,4,2,0.2,0.0,6,6
Female,33,Master degree,England,both,linked data,1,1,3,2,2,4,0.2,0.0,7,6
Female,33,Master degree,England,both,linked data,1,1,4,2,1,5,0.4,0.0,7,6
Female,33,Master degree,England,both,linked data,1,1,4,2,1,5,0.2,0.0,7,6
Female,33,Master degree,England,both,linked data,2,1,4,2,2,4,0.4,0.0,7,6
Female,33,Master degree,England,both,linked data,2,1,4,2,2,4,0.4,0.0,7,6
Male,40,Advanced graduate or Ph.D.,England,both,linked data,2,2,1,5,5,1,0.2,0.0,3,3
Male,40,Advanced graduate or Ph.D.,England,both,linked data,2,2,1,5,5,1,0.0392707767025,0.0,3,3
Male,40,Advanced graduate or Ph.D.,England,both,linked data,2,1,4,2,2,3,0.4,0.0,3,3
Male,40,Advanced graduate or Ph.D.,England,both,linked data,1,1,2,2,2,3,0.0536915100117,0.0,3,3
Male,40,Advanced graduate or Ph.D.,England,both,linked data,2,2,1,5,5,1,0.4,0.0,3,3
Male,40,Advanced graduate or Ph.D.,England,both,linked data,2,1,3,2,3,3,0.0629802524878,0.0,3,3
Male,40,Advanced graduate or Ph.D.,England,both,linked data,2,1,4,2,2,4,0.4,0.0,3,3
Male,40,Advanced graduate or Ph.D.,England,both,linked data,1,1,2,1,4,5,0.406930270633,0.0,3,3
Male,40,Advanced graduate or Ph.D.,England,both,linked data,1,1,3,3,3,3,0.0962250448649,0.0,3,3
Female,42,Bachelor degree,England,both,linked data,2,2,2,4,5,1,0.238531036308,0.0,5,5
Female,42,Bachelor degree,England,both,linked data,1,1,2,2,2,4,0.244417725158,0.0,5,5
Female,42,Bachelor degree,England,both,linked data,2,2,2,4,4,2,0.0934415021894,0.0,5,5
Female,42,Bachelor degree,England,both,linked data,2,2,3,3,3,2,0.244417725158,0.0,5,5
Female,42,Bachelor degree,England,both,linked data,2,2,2,5,5,1,0.0801768311161,0.0,5,5
Female,42,Bachelor degree,England,both,linked data,2,2,3,4,4,2,0.202751058491,0.0,5,5
Female,42,Bachelor degree,England,both,linked data,2,2,4,2,3,4,0.114272193724,0.0,5,5
Female,25,Some college,England,both,linked data,2,1,4,1,4,4,0.2,0.0,6,6
Female,25,Some college,England,both,linked data,1,1,3,2,3,5,0.4,0.0,6,6
Female,25,Some college,England,both,linked data,1,1,3,1,3,5,0.4,0.0,6,6
Female,25,Some college,England,both,linked data,1,2,2,3,3,3,0.4,0.0,6,6
Female,25,Some college,England,both,linked data,1,1,3,1,3,5,0.2,0.0,6,6
Female,25,Some college,England,both,linked data,2,1,3,1,3,4,0.2,0.0,6,6
Female,25,Some college,England,both,linked data,2,2,3,3,3,3,0.033192730526,0.0,6,6
Male,45,High school graduate,England,both,linked data,1,1,4,1,2,4,0.2,0.0,5,4
Male,45,High school graduate,England,both,linked data,2,1,4,2,3,4,0.4,0.0,5,4
Male,45,High school graduate,England,both,linked data,1,1,4,1,2,4,0.2,0.0,5,4
Male,45,High school graduate,England,both,linked data,2,1,4,2,2,4,0.4,0.0,5,4
Male,45,High school graduate,England,both,linked data,2,2,1,4,4,2,0.4,0.0,5,4
Male,69,High school graduate,England,both,linked data,2,1,4,2,2,3,0.2,0.0,8,5
Male,69,High school graduate,England,both,linked data,1,2,2,4,4,1,0.4,0.0,8,5
Male,69,High school graduate,England,both,linked data,1,1,4,2,2,5,0.4,0.0,8,5
Male,69,High school graduate,England,both,linked data,1,2,2,4,4,2,0.2,0.0,8,5
Male,69,High school graduate,England,both,linked data,1,1,4,2,2,4,0.2,0.0,8,5
Male,74,Bachelor degree,England,likeOnly,linked data,2,1,4,2,3,4,0.2,-1.0,8,9
Male,74,Bachelor degree,England,likeOnly,linked data,1,2,3,4,4,2,0.2,-1.0,8,9
Male,74,Bachelor degree,England,likeOnly,linked data,2,2,3,3,4,2,0.4,-1.0,8,9
Male,74,Bachelor degree,England,likeOnly,linked data,1,1,5,1,4,5,0.2,-1.0,8,9
Male,74,Bachelor degree,England,likeOnly,linked data,1,2,3,3,4,3,0.2,-1.0,8,9
Male,74,Bachelor degree,England,likeOnly,linked data,1,1,5,1,4,4,0.0,-1.0,8,9
Female,57,Bachelor degree,England,both,linked data,1,1,5,2,2,4,0.4,0.0,8,5
Female,57,Bachelor degree,England,both,linked data,1,1,2,1,1,5,0.4,0.0,8,5
Female,57,Bachelor degree,England,both,linked data,1,1,4,2,4,4,0.2,0.0,8,5
Female,57,Bachelor degree,England,both,linked data,1,2,1,5,3,3,0.4,0.0,8,5
Female,57,Bachelor degree,England,both,linked data,2,1,5,1,3,4,0.2,0.0,8,5
Female,57,Bachelor degree,England,both,linked data,1,1,3,3,3,3,0.4,0.0,8,5
Female,54,Some college,England,both,linked data,1,1,4,2,3,3,0.051031036308,0.0,4,4
Female,54,Some college,England,both,linked data,1,2,2,4,4,2,0.2,0.0,4,4
Female,54,Some college,England,both,linked data,2,1,4,3,3,3,0.4,0.0,4,4
Female,54,Some college,England,both,linked data,2,2,2,4,4,2,0.4,0.0,4,4
Female,35,Some college,England,both,linked data,2,2,2,4,3,2,0.4,0.0,7,8
Female,35,Some college,England,both,linked data,2,2,2,4,3,3,0.2,0.0,7,8
Female,35,Some college,England,both,linked data,2,2,1,5,4,2,0.0755797771234,0.0,7,8
Female,35,Some college,England,both,linked data,2,2,2,4,3,3,0.2,0.0,7,8
Female,35,Some college,England,both,linked data,2,1,4,2,2,4,0.4,0.0,7,8
Female,35,Some college,England,both,linked data,2,1,4,2,4,3,0.4,0.0,7,8
Female,35,Some college,England,both,linked data,2,1,4,2,2,4,0.4,0.0,7,8
Male,34,Master degree,England,likeOnly,linked data,2,1,4,2,2,3,0.311803398875,-1.0,3,4
Male,34,Master degree,England,likeOnly,linked data,2,2,1,4,3,1,0.333333333333,-1.0,3,4
Male,34,Master degree,England,likeOnly,linked data,2,2,2,4,3,2,0.333333333333,-1.0,3,4
Male,34,Master degree,England,likeOnly,linked data,2,1,4,2,2,3,0.329099444874,-1.0,3,4
Male,34,Master degree,England,likeOnly,linked data,1,1,3,3,3,3,0.5,-1.0,3,4
Male,34,Master degree,England,likeOnly,linked data,1,1,3,3,3,3,0.5,-1.0,3,4
Male,30,Bachelor degree,England,both,linked data,2,2,2,5,4,1,0.2,0.0,5,3
Male,30,Bachelor degree,England,both,linked data,2,1,3,4,5,2,0.191638319044,0.0,5,3
Male,30,Bachelor degree,England,both,linked data,2,2,2,4,4,2,0.407336155976,0.0,5,3
Male,30,Bachelor degree,England,both,linked data,1,1,5,1,2,4,0.0589255650989,0.0,5,3
Male,25,Master degree,England,likeOnly,linked data,2,2,3,3,3,3,0.25,-1.0,2,3
Male,25,Master degree,England,likeOnly,linked data,2,2,2,3,3,2,0.125,-1.0,2,3
Male,25,Master degree,England,likeOnly,linked data,2,1,5,4,4,4,0.204124145232,-1.0,2,3
Male,25,Master degree,England,likeOnly,linked data,2,1,3,4,4,3,0.2,-1.0,2,3
Male,25,Master degree,England,likeOnly,linked data,1,2,2,3,3,3,0.25,-1.0,2,3
Male,25,Master degree,England,likeOnly,linked data,1,2,4,2,3,4,0.0883883476483,-1.0,2,3
Female,25,Bachelor degree,England,both,linked data,2,2,3,4,4,2,0.2,0.0,3,2
Female,25,Bachelor degree,England,both,linked data,1,1,3,2,3,4,0.2,0.0,3,2
Female,25,Bachelor degree,England,both,linked data,1,2,1,4,4,2,0.2,0.0,3,2
Female,25,Bachelor degree,England,both,linked data,2,2,2,5,4,2,0.2,0.0,3,2
Female,25,Bachelor degree,England,both,linked data,2,2,2,4,3,2,0.4,0.0,3,2
Female,25,Bachelor degree,England,both,linked data,2,1,4,2,4,4,0.4,0.0,3,2
Female,50,Bachelor degree,Scotland,both,linked data,1,1,4,2,2,4,0.4,0.0,4,5
Female,50,Bachelor degree,Scotland,both,linked data,2,2,3,2,2,3,0.4,0.0,4,5
Female,50,Bachelor degree,Scotland,both,linked data,2,2,3,3,3,4,0.2,0.0,4,5
Female,50,Bachelor degree,Scotland,both,linked data,2,1,4,2,3,3,0.2,0.0,4,5
Female,50,Bachelor degree,Scotland,both,linked data,1,1,3,2,3,3,0.4,0.0,4,5
Female,53,Some college,England,both,linked data,2,1,4,2,3,3,0.0639247706858,0.0,4,2
Female,53,Some college,England,both,linked data,2,2,2,4,4,2,0.4,0.0,4,2
Female,53,Some college,England,both,linked data,2,1,4,2,2,3,0.4,0.0,4,2
Female,53,Some college,England,both,linked data,1,2,2,4,4,3,0.0705051990843,0.0,4,2
Female,53,Some college,England,both,linked data,1,1,4,2,3,3,0.0604145706539,0.0,4,2
Female,53,Some college,England,both,linked data,2,2,2,4,3,2,0.0843484475574,0.0,4,2
Female,53,Some college,England,both,linked data,2,1,4,2,3,3,0.0816343665806,0.0,4,2
Male,63,High school graduate,England,both,linked data,2,2,1,4,4,1,0.0388009145316,0.0,5,2
Male,63,High school graduate,England,both,linked data,2,2,3,3,3,2,0.2,0.0,5,2
Male,63,High school graduate,England,both,linked data,2,2,3,3,3,1,0.2,0.0,5,2
Male,63,High school graduate,England,both,linked data,1,1,4,1,1,4,0.2,0.0,5,2
Male,63,High school graduate,England,both,linked data,2,2,2,3,3,3,0.4,0.0,5,2
Male,63,High school graduate,England,both,linked data,2,1,4,2,3,4,0.4,0.0,5,2
Female,61,High school graduate,England,both,linked data,2,1,4,2,3,4,0.4,0.0,5,4
Female,61,High school graduate,England,both,linked data,2,1,3,2,2,4,0.2,0.0,5,4
Female,61,High school graduate,England,both,linked data,2,2,1,5,5,1,0.4,0.0,5,4
Female,61,High school graduate,England,both,linked data,2,2,2,4,4,2,0.2,0.0,5,4
Female,61,High school graduate,England,both,linked data,2,1,4,2,3,4,0.0389859992254,0.0,5,4
Female,61,High school graduate,England,both,linked data,2,1,4,2,3,3,0.4,0.0,5,4
Male,28,Advanced graduate or Ph.D.,Wales,both,linked data,1,2,3,3,3,3,0.2,0.0,4,3
Male,28,Advanced graduate or Ph.D.,Wales,both,linked data,2,2,1,5,5,1,0.4,0.0,4,3
Male,28,Advanced graduate or Ph.D.,Wales,both,linked data,1,2,1,5,5,1,0.4,0.0,4,3
Male,28,Advanced graduate or Ph.D.,Wales,both,linked data,2,2,1,5,5,1,0.4,0.0,4,3
Male,28,Advanced graduate or Ph.D.,Wales,both,linked data,1,1,4,1,2,3,0.4,0.0,4,3
Male,28,Advanced graduate or Ph.D.,Wales,both,linked data,2,2,1,5,5,1,0.204124145232,0.0,4,3
Male,28,Advanced graduate or Ph.D.,Wales,both,linked data,2,2,1,5,5,1,0.2,0.0,4,3
Male,28,Advanced graduate or Ph.D.,Wales,both,linked data,2,1,5,1,3,5,0.4,0.0,4,3
Female,43,Master degree,Scotland,both,linked data,2,2,3,4,4,2,0.4,0.0,3,7
Female,43,Master degree,Scotland,both,linked data,1,2,2,4,3,3,0.0360843918244,0.0,3,7
Female,43,Master degree,Scotland,both,linked data,2,2,1,5,5,1,0.0139754248594,0.0,3,7
Female,43,Master degree,Scotland,both,linked data,1,1,3,3,3,4,0.2,0.0,3,7
Female,43,Master degree,Scotland,both,linked data,1,1,3,1,1,5,0.4,0.0,3,7
Female,43,Master degree,Scotland,both,linked data,2,1,4,2,2,4,0.4,0.0,3,7
Male,29,Master degree,England,both,linked data,2,1,4,2,4,3,0.4,0.0,6,5
Male,29,Master degree,England,both,linked data,2,2,3,3,4,2,0.4,0.0,6,5
Male,29,Master degree,England,both,linked data,2,1,4,2,3,3,0.4,0.0,6,5
Male,29,Master degree,England,both,linked data,2,1,4,2,4,3,0.2,0.0,6,5
Male,29,Master degree,England,both,linked data,2,1,4,2,2,4,0.4,0.0,6,5
Male,52,Bachelor degree,England,both,linked data,1,1,3,2,2,4,0.2,0.0,5,5
Male,52,Bachelor degree,England,both,linked data,1,1,2,1,2,5,0.2,0.0,5,5
Male,52,Bachelor degree,England,both,linked data,2,1,4,2,4,4,0.4,0.0,5,5
Male,52,Bachelor degree,England,both,linked data,1,2,2,5,4,1,0.2,0.0,5,5
Male,52,Bachelor degree,England,both,linked data,2,2,2,4,4,2,0.4,0.0,5,5
Male,52,Bachelor degree,England,both,linked data,2,2,2,4,4,1,0.4,0.0,5,5
Male,52,Bachelor degree,England,both,linked data,2,2,2,3,4,2,0.4,0.0,5,5
Male,34,Bachelor degree,England,likeOnly,linked data,1,1,5,1,3,5,0.4,-1.0,7,9
Male,34,Bachelor degree,England,likeOnly,linked data,2,2,1,1,4,1,0.0420944043011,-1.0,7,9
Male,34,Bachelor degree,England,likeOnly,linked data,1,1,4,1,3,4,0.4,-1.0,7,9
Male,34,Bachelor degree,England,likeOnly,linked data,2,1,5,1,4,4,0.4,-1.0,7,9
Male,34,Bachelor degree,England,likeOnly,linked data,2,2,2,4,4,2,0.0310526061429,-1.0,7,9
Male,34,Bachelor degree,England,likeOnly,linked data,1,1,4,1,4,4,0.42385235538,-1.0,7,9
Male,39,Bachelor degree,Wales,both,linked data,2,1,4,1,3,4,0.4,0.0,6,5
Male,39,Bachelor degree,Wales,both,linked data,2,1,4,2,4,4,0.4,0.0,6,5
Male,39,Bachelor degree,Wales,both,linked data,1,1,4,2,4,4,0.4,0.0,6,5
Male,39,Bachelor degree,Wales,both,linked data,2,1,4,2,4,4,0.4,0.0,6,5
Male,58,Advanced graduate or Ph.D.,England,both,linked data,2,1,4,2,3,4,0.4,0.0,7,4
Male,58,Advanced graduate or Ph.D.,England,both,linked data,1,1,4,2,3,4,0.2,0.0,7,4
Male,58,Advanced graduate or Ph.D.,England,both,linked data,1,1,4,2,3,4,0.2,0.0,7,4
Male,58,Advanced graduate or Ph.D.,England,both,linked data,2,2,2,4,4,2,0.4,0.0,7,4
Female,27,Some college,England,both,linked data,1,1,4,2,4,4,0.2,0.0,4,5
Female,27,Some college,England,both,linked data,2,2,1,5,5,1,0.408333333333,0.0,4,5
Female,27,Some college,England,both,linked data,2,2,1,5,5,1,0.238892381893,0.0,4,5
Female,27,Some college,England,both,linked data,2,2,1,5,5,1,0.248096423819,0.0,4,5
Female,29,Master degree,England,both,linked data,2,2,3,3,4,3,0.2,0.0,3,3
Female,29,Master degree,England,both,linked data,2,1,3,2,3,3,0.25,0.0,3,3
Female,29,Master degree,England,both,linked data,2,2,3,4,4,2,0.2,0.0,3,3
Female,29,Master degree,England,both,linked data,2,1,3,2,2,4,0.4,0.0,3,3
Female,29,Master degree,England,both,linked data,2,2,2,4,4,2,0.0,0.0,3,3
Female,29,Master degree,England,both,linked data,1,1,3,2,2,4,0.4,0.0,3,3
Female,45,Bachelor degree,England,both,linked data,2,1,3,2,2,4,0.2,0.0,7,3
Female,45,Bachelor degree,England,both,linked data,1,1,4,2,2,4,0.0208609941571,0.0,7,3
Female,45,Bachelor degree,England,both,linked data,2,2,1,5,5,1,0.0,0.0,7,3
Female,45,Bachelor degree,England,both,linked data,2,1,5,1,4,4,0.4,0.0,7,3
Female,45,Bachelor degree,England,both,linked data,1,1,3,2,2,4,0.2,0.0,7,3
Female,45,Bachelor degree,England,both,linked data,1,1,4,2,2,4,0.2,0.0,7,3
Male,34,Bachelor degree,England,both,linked data,2,2,1,5,3,2,0.4,0.0,4,3
Male,34,Bachelor degree,England,both,linked data,2,2,3,3,4,2,0.2,0.0,4,3
Male,34,Bachelor degree,England,both,linked data,2,1,4,2,2,3,0.4,0.0,4,3
Male,34,Bachelor degree,England,both,linked data,2,2,3,3,3,3,0.4,0.0,4,3
Female,67,Bachelor degree,England,both,linked data,2,1,4,2,1,4,0.4,0.0,5,2
Female,67,Bachelor degree,England,both,linked data,2,2,1,5,4,1,0.4,0.0,5,2
Female,67,Bachelor degree,England,both,linked data,2,2,1,5,4,1,0.2,0.0,5,2
Female,67,Bachelor degree,England,both,linked data,2,2,1,5,5,1,0.0645497224368,0.0,5,2
Female,53,Bachelor degree,England,both,linked data,2,2,3,3,3,3,0.4,0.0,6,6
Female,53,Bachelor degree,England,both,linked data,2,1,4,2,2,4,0.4,0.0,6,6
Female,53,Bachelor degree,England,both,linked data,2,2,3,3,2,3,0.2,0.0,6,6
Female,53,Bachelor degree,England,both,linked data,2,1,4,2,2,4,0.4,0.0,6,6
Female,53,Bachelor degree,England,both,linked data,1,1,4,2,2,4,0.4,0.0,6,6
Female,53,Bachelor degree,England,both,linked data,2,1,4,2,2,4,0.2,0.0,6,6
Female,53,Bachelor degree,England,both,linked data,2,2,3,3,2,3,0.4,0.0,6,6
Female,32,Some college,England,both,linked data,2,2,3,3,3,2,0.4,0.0,3,3
Female,32,Some college,England,both,linked data,2,2,2,4,2,2,0.4,0.0,3,3
Female,32,Some college,England,both,linked data,2,1,2,3,2,3,0.4,0.0,3,3
Female,32,Some college,England,both,linked data,2,2,1,5,5,3,0.4,0.0,3,3
Female,32,Some college,England,both,linked data,2,2,1,5,5,1,0.2,0.0,3,3
Female,32,Some college,England,both,linked data,2,2,1,5,5,1,0.4,0.0,3,3
Female,31,Some college,England,both,linked data,2,2,2,4,4,1,0.4,0.0,5,5
Female,31,Some college,England,both,linked data,2,2,2,5,4,1,0.046317779111,0.0,5,5
Female,31,Some college,England,both,linked data,1,2,2,4,4,1,0.23917105228,0.0,5,5
Female,31,Some college,England,both,linked data,1,1,4,2,4,4,0.4,0.0,5,5
Female,31,Some college,England,both,linked data,1,1,5,1,3,5,0.4,0.0,5,5
Female,31,Some college,England,both,linked data,2,1,3,2,3,3,0.2,0.0,5,5
Female,31,Some college,England,both,linked data,1,1,4,2,2,4,0.4,0.0,5,5
Female,31,Some college,England,both,linked data,2,1,3,2,4,3,0.4,0.0,5,5
Male,60,High school graduate,England,both,linked data,1,1,3,1,1,5,0.4,0.0,6,5
Male,60,High school graduate,England,both,linked data,1,1,3,1,1,5,0.4,0.0,6,5
Male,60,High school graduate,England,both,linked data,1,1,3,3,3,3,0.2,0.0,6,5
Male,60,High school graduate,England,both,linked data,2,2,1,5,5,1,0.2,0.0,6,5
Male,60,High school graduate,England,both,linked data,2,2,1,5,5,1,0.4,0.0,6,5
Male,60,High school graduate,England,both,linked data,2,2,1,5,5,1,0.4,0.0,6,5
Male,60,High school graduate,England,both,linked data,2,2,1,5,5,1,0.4,0.0,6,5
Male,29,Bachelor degree,England,both,linked data,2,1,4,3,2,3,0.4,0.0,5,4
Male,29,Bachelor degree,England,both,linked data,2,1,4,2,3,3,0.4,0.0,5,4
Male,29,Bachelor degree,England,both,linked data,2,1,4,2,3,3,0.2,0.0,5,4
Male,29,Bachelor degree,England,both,linked data,1,1,4,2,3,3,0.2,0.0,5,4
Male,29,Bachelor degree,England,both,linked data,2,2,2,4,3,3,0.4,0.0,5,4
Male,52,High school graduate,England,both,linked data,1,1,5,1,1,4,0.2,0.0,4,4
Male,52,High school graduate,England,both,linked data,2,1,4,2,2,4,0.2,0.0,4,4
Male,52,High school graduate,England,both,linked data,1,1,5,1,2,4,0.2,0.0,4,4
Male,52,High school graduate,England,both,linked data,1,1,5,1,2,4,0.2,0.0,4,4
Male,52,High school graduate,England,both,linked data,2,2,1,4,4,2,0.4,0.0,4,4
Male,49,Advanced graduate or Ph.D.,England,both,linked data,2,2,2,5,5,1,0.0,0.0,4,3
Male,49,Advanced graduate or Ph.D.,England,both,linked data,2,2,2,4,4,2,0.0,0.0,4,3
Male,49,Advanced graduate or Ph.D.,England,both,linked data,2,2,2,4,2,2,0.227062072616,0.0,4,3
Male,49,Advanced graduate or Ph.D.,England,both,linked data,2,2,2,4,3,2,0.4,0.0,4,3
Male,49,Advanced graduate or Ph.D.,England,both,linked data,2,2,1,5,5,1,0.2,0.0,4,3
Male,49,Advanced graduate or Ph.D.,England,both,linked data,2,1,4,2,2,4,0.2,0.0,4,3
Male,49,Advanced graduate or Ph.D.,England,both,linked data,2,2,2,4,2,2,0.4,0.0,4,3
Male,48,High school graduate,England,both,linked data,2,1,4,2,2,3,0.2,0.0,4,5
Male,48,High school graduate,England,both,linked data,2,1,4,2,2,4,0.4,0.0,4,5
Male,48,High school graduate,England,both,linked data,2,2,3,3,3,3,0.4,0.0,4,5
Male,48,High school graduate,England,both,linked data,2,2,1,5,2,2,0.2,0.0,4,5
Male,48,High school graduate,England,both,linked data,2,2,2,4,2,2,0.4,0.0,4,5
Male,48,High school graduate,England,both,linked data,2,2,2,4,2,2,0.2,0.0,4,5
Male,41,Some college,England,both,linked data,2,2,2,4,4,2,0.4,0.0,6,3
Male,41,Some college,England,both,linked data,2,2,2,4,4,1,0.4,0.0,6,3
Male,41,Some college,England,both,linked data,2,2,2,4,4,2,0.2,0.0,6,3
Male,41,Some college,England,both,linked data,2,2,2,4,4,3,0.127427369425,0.0,6,3
Male,41,Some college,England,both,linked data,2,2,1,4,4,1,0.2,0.0,6,3
Male,41,Some college,England,both,linked data,1,1,5,1,2,5,0.2,0.0,6,3
Male,41,Some college,England,both,linked data,1,2,2,4,4,2,0.0142857142857,0.0,6,3
Male,41,Some college,England,both,linked data,2,1,4,2,2,4,0.4,0.0,6,3
Male,42,High school graduate,England,likeOnly,linked data,1,1,5,1,3,3,0.2,-1.0,7,7
Male,42,High school graduate,England,likeOnly,linked data,2,2,2,4,3,3,0.4,-1.0,7,7
Male,42,High school graduate,England,likeOnly,linked data,2,2,2,4,3,3,0.2,-1.0,7,7
Male,42,High school graduate,England,likeOnly,linked data,1,1,5,2,3,3,0.4,-1.0,7,7
Male,42,High school graduate,England,likeOnly,linked data,2,2,5,4,3,3,0.4,-1.0,7,7
Male,42,High school graduate,England,likeOnly,linked data,2,2,1,4,3,3,0.4,-1.0,7,7
Female,29,Some college,England,dislikeOnly,linked data,1,2,2,4,3,4,-1.0,0.352062072616,2,5
Female,29,Some college,England,dislikeOnly,linked data,2,2,3,4,2,4,-1.0,0.352062072616,2,5
Female,29,Some college,England,dislikeOnly,linked data,2,2,1,5,5,1,-1.0,0.0,2,5
Female,29,Some college,England,dislikeOnly,linked data,2,2,1,5,5,1,-1.0,0.0833333333333,2,5
Female,29,Some college,England,dislikeOnly,linked data,1,2,1,4,2,4,-1.0,0.352062072616,2,5
Female,29,Some college,England,dislikeOnly,linked data,2,2,3,4,3,4,-1.0,0.352062072616,2,5
Male,46,Some college,England,both,linked data,1,1,4,2,2,4,0.4,0.0,5,4
Male,46,Some college,England,both,linked data,2,2,3,3,3,2,0.4,0.0,5,4
Male,46,Some college,England,both,linked data,2,1,4,2,3,4,0.4,0.0,5,4
Male,46,Some college,England,both,linked data,2,1,4,2,3,3,0.45,0.0,5,4
Male,46,Some college,England,both,linked data,1,2,2,2,4,2,0.2,0.0,5,4
Male,43,Bachelor degree,England,both,linked data,2,2,1,5,5,1,0.2,0.0,6,5
Male,43,Bachelor degree,England,both,linked data,2,1,4,2,2,4,0.204124145232,0.0,6,5
Male,43,Bachelor degree,England,both,linked data,1,1,4,2,2,4,0.0,0.0,6,5
Male,43,Bachelor degree,England,both,linked data,2,1,4,2,3,4,0.4,0.0,6,5
Male,43,Bachelor degree,England,both,linked data,1,2,2,4,4,2,0.0,0.0,6,5
Male,43,Bachelor degree,England,both,linked data,2,1,4,2,2,4,0.404124145232,0.0,6,5
Male,43,Bachelor degree,England,both,linked data,1,2,1,5,4,2,0.2,0.0,6,5
Male,43,Bachelor degree,England,both,linked data,1,1,4,3,2,3,0.4,0.0,6,5
Male,43,Bachelor degree,England,both,linked data,1,1,3,3,3,3,0.102062072616,0.0,6,5
Male,51,Master degree,England,both,linked data,2,1,1,1,3,5,0.4,0.0,8,9
Male,51,Master degree,England,both,linked data,2,2,4,2,3,3,0.4,0.0,8,9
Male,51,Master degree,England,both,linked data,2,2,4,2,3,4,0.4,0.0,8,9
Male,51,Master degree,England,both,linked data,2,1,4,2,3,4,0.2,0.0,8,9
Male,51,Master degree,England,both,linked data,2,2,1,5,5,1,0.0,0.0,8,9
Male,51,Master degree,England,both,linked data,2,2,2,4,4,2,0.2,0.0,8,9
Male,51,Master degree,England,both,linked data,1,1,5,1,3,5,0.4,0.0,8,9
Female,40,High school graduate,Scotland,both,linked data,2,2,1,5,5,1,0.4,0.0,7,9
Female,40,High school graduate,Scotland,both,linked data,1,1,3,1,1,5,0.2,0.0,7,9
Female,40,High school graduate,Scotland,both,linked data,1,1,3,1,1,5,0.4,0.0,7,9
Female,40,High school graduate,Scotland,both,linked data,2,2,1,5,4,1,0.2,0.0,7,9
Female,44,Master degree,England,likeOnly,linked data,1,1,1,1,1,5,0.2,-1.0,7,8
Female,44,Master degree,England,likeOnly,linked data,1,1,2,2,2,4,0.4,-1.0,7,8
Female,44,Master degree,England,likeOnly,linked data,2,2,3,4,4,2,0.4,-1.0,7,8
Female,44,Master degree,England,likeOnly,linked data,1,1,4,2,3,4,0.4,-1.0,7,8
Female,44,Master degree,England,likeOnly,linked data,2,1,4,3,2,4,0.4,-1.0,7,8
Female,44,Master degree,England,likeOnly,linked data,1,2,2,3,3,2,0.0186338998125,-1.0,7,8
Male,42,Some college,England,likeOnly,linked data,1,1,5,1,1,5,0.2,-1.0,7,5
Male,42,Some college,England,likeOnly,linked data,2,2,5,3,3,3,0.4,-1.0,7,5
Male,42,Some college,England,likeOnly,linked data,2,2,5,4,3,2,0.4,-1.0,7,5
Male,42,Some college,England,likeOnly,linked data,1,1,3,3,3,3,0.057735026919,-1.0,7,5
Male,42,Some college,England,likeOnly,linked data,2,2,4,3,3,3,0.4,-1.0,7,5
Male,42,Some college,England,likeOnly,linked data,2,1,5,3,4,4,0.4,-1.0,7,5
Female,48,Some college,Scotland,both,linked data,2,2,1,5,5,1,0.4,0.0,5,5
Female,48,Some college,Scotland,both,linked data,2,2,1,5,5,1,0.2,0.0,5,5
Female,48,Some college,Scotland,both,linked data,2,2,1,5,5,1,0.2,0.0,5,5
Female,48,Some college,Scotland,both,linked data,1,2,1,4,4,1,0.4,0.0,5,5
Female,48,Some college,Scotland,both,linked data,2,1,4,2,3,3,0.4,0.0,5,5
Female,33,Some college,Scotland,both,linked data,2,1,4,1,2,5,0.2,0.0,5,5
Female,33,Some college,Scotland,both,linked data,1,1,3,1,1,5,0.4,0.0,5,5
Female,33,Some college,Scotland,both,linked data,2,1,4,1,4,3,0.4,0.0,5,5
Female,33,Some college,Scotland,both,linked data,2,1,5,1,4,4,0.4,0.0,5,5
Male,68,High school graduate,England,both,linked data,1,1,3,2,1,5,0.0756873575387,0.0,5,5
Male,68,High school graduate,England,both,linked data,2,1,4,2,3,4,0.4,0.0,5,5
Male,68,High school graduate,England,both,linked data,2,1,5,1,3,5,0.4,0.0,5,5
Male,68,High school graduate,England,both,linked data,1,1,4,2,3,4,0.2,0.0,5,5
Male,68,High school graduate,England,both,linked data,2,1,4,2,2,4,0.4,0.0,5,5
Female,46,Some college,England,likeOnly,linked data,2,2,1,5,5,1,0.0,-1.0,7,6
Female,46,Some college,England,likeOnly,linked data,2,1,4,2,3,4,0.4,-1.0,7,6
Female,46,Some college,England,likeOnly,linked data,2,1,4,1,2,4,0.4,-1.0,7,6
Female,46,Some college,England,likeOnly,linked data,2,1,4,2,4,4,0.4,-1.0,7,6
Female,46,Some college,England,likeOnly,linked data,2,1,5,1,2,5,0.4,-1.0,7,6
Female,46,Some college,England,likeOnly,linked data,2,1,4,2,2,4,0.0761801681057,-1.0,7,6
Male,43,Bachelor degree,England,likeOnly,linked data,2,1,3,2,3,4,0.4,-1.0,5,4
Male,43,Bachelor degree,England,likeOnly,linked data,2,2,1,5,5,1,0.0238485971357,-1.0,5,4
Male,43,Bachelor degree,England,likeOnly,linked data,2,2,4,2,3,4,0.4,-1.0,5,4
Male,43,Bachelor degree,England,likeOnly,linked data,1,1,5,1,1,5,0.0413069819283,-1.0,5,4
Male,43,Bachelor degree,England,likeOnly,linked data,2,2,3,3,3,3,0.4,-1.0,5,4
Male,43,Bachelor degree,England,likeOnly,linked data,2,1,4,2,3,4,0.4,-1.0,5,4
Male,45,High school graduate,Scotland,both,linked data,2,2,1,5,5,1,0.2,0.0,3,4
Male,45,High school graduate,Scotland,both,linked data,1,2,3,3,1,4,0.4,0.0,3,4
Male,45,High school graduate,Scotland,both,linked data,1,2,5,1,1,5,0.4,0.0,3,4
Male,45,High school graduate,Scotland,both,linked data,2,2,3,4,4,3,0.2,0.0,3,4
Male,45,High school graduate,Scotland,both,linked data,1,1,5,1,1,5,0.4,0.0,3,4
Male,45,High school graduate,Scotland,both,linked data,2,2,1,5,5,1,0.2,0.0,3,4
Male,36,Bachelor degree,Scotland,both,linked data,1,1,4,3,4,4,0.4,0.0,7,7
Male,36,Bachelor degree,Scotland,both,linked data,1,1,3,1,2,5,0.2,0.0,7,7
Male,36,Bachelor degree,Scotland,both,linked data,1,1,3,2,4,4,0.2,0.0,7,7
Male,36,Bachelor degree,Scotland,both,linked data,2,1,4,1,3,4,0.4,0.0,7,7
Male,36,Bachelor degree,Scotland,both,linked data,2,1,3,3,3,4,0.4,0.0,7,7
Male,45,High school graduate,England,likeOnly,linked data,1,2,3,3,4,3,0.4,-1.0,6,5
Male,45,High school graduate,England,likeOnly,linked data,2,1,4,2,4,3,0.0,-1.0,6,5
Male,45,High school graduate,England,likeOnly,linked data,2,2,2,4,4,2,0.4,-1.0,6,5
Male,45,High school graduate,England,likeOnly,linked data,2,2,1,5,5,1,0.4,-1.0,6,5
Male,45,High school graduate,England,likeOnly,linked data,2,2,2,4,4,2,0.2,-1.0,6,5
Male,45,High school graduate,England,likeOnly,linked data,2,1,4,2,3,4,0.4,-1.0,6,5
Male,59,Bachelor degree,Scotland,both,linked data,2,1,4,1,1,5,0.166666666667,0.0,3,5
Male,59,Bachelor degree,Scotland,both,linked data,1,1,3,1,1,5,0.2,0.0,3,5
Male,59,Bachelor degree,Scotland,both,linked data,1,1,4,2,2,4,0.0157485197087,0.0,3,5
Male,59,Bachelor degree,Scotland,both,linked data,1,2,2,3,4,2,0.4,0.0,3,5
Male,59,Bachelor degree,Scotland,both,linked data,2,2,2,4,3,2,0.166666666667,0.0,3,5
Male,59,Bachelor degree,Scotland,both,linked data,1,1,2,2,2,4,0.2,0.0,3,5
Female,32,Some college,Scotland,both,linked data,2,2,2,4,4,2,0.151374715077,0.0,7,4
Female,32,Some college,Scotland,both,linked data,2,2,3,3,4,2,0.166666666667,0.0,7,4
Female,32,Some college,Scotland,both,linked data,1,1,3,3,3,3,0.222222222222,0.0,7,4
Female,32,Some college,Scotland,both,linked data,1,2,2,4,4,2,0.0962250448649,0.0,7,4
Female,32,Some college,Scotland,both,linked data,2,1,4,2,3,4,0.0,0.0,7,4
Female,32,Some college,Scotland,both,linked data,1,1,3,3,3,3,0.204124145232,0.0,7,4
Female,32,Some college,Scotland,both,linked data,2,2,2,4,4,2,0.0,0.0,7,4
Male,41,Some college,England,likeOnly,linked data,2,1,3,2,3,4,0.250507627228,-1.0,7,4
Male,41,Some college,England,likeOnly,linked data,2,1,4,2,3,4,0.0124341182825,-1.0,7,4
Male,41,Some college,England,likeOnly,linked data,1,1,4,1,3,5,0.250507627228,-1.0,7,4
Male,41,Some college,England,likeOnly,linked data,2,2,2,4,4,2,0.250507627228,-1.0,7,4
Male,41,Some college,England,likeOnly,linked data,2,1,4,2,2,4,0.2,-1.0,7,4
Male,41,Some college,England,likeOnly,linked data,1,1,4,2,2,4,0.4,-1.0,7,4
Male,50,High school graduate,England,both,linked data,2,2,2,4,4,2,0.2,0.0,7,10
Male,50,High school graduate,England,both,linked data,2,1,3,2,2,4,0.4,0.0,7,10
Male,50,High school graduate,England,both,linked data,2,2,1,5,5,1,0.4,0.0,7,10
Male,50,High school graduate,England,both,linked data,1,1,3,2,2,4,0.4,0.0,7,10
Female,31,High school graduate,England,both,linked data,1,1,4,2,4,3,0.4,0.0,3,3
Female,31,High school graduate,England,both,linked data,2,1,5,1,3,4,0.4,0.0,3,3
Female,31,High school graduate,England,both,linked data,2,1,4,2,4,4,0.0802785656485,0.0,3,3
Female,31,High school graduate,England,both,linked data,2,1,4,2,3,3,0.4,0.0,3,3
Female,31,High school graduate,England,both,linked data,1,1,4,2,4,4,0.2,0.0,3,3
Female,31,High school graduate,England,both,linked data,1,1,4,2,3,4,0.0802785656485,0.0,3,3
Male,33,Some college,England,both,linked data,2,1,4,1,1,4,0.4,0.0,5,5
Male,33,Some college,England,both,linked data,2,2,3,4,3,2,0.4,0.0,5,5
Male,33,Some college,England,both,linked data,2,1,4,1,1,4,0.2,0.0,5,5
Male,33,Some college,England,both,linked data,2,2,2,4,1,2,0.2,0.0,5,5
Male,33,Some college,England,both,linked data,2,1,4,1,1,4,0.4,0.0,5,5
Male,33,Some college,England,both,linked data,2,1,4,1,1,4,0.2,0.0,5,5
Male,33,Some college,England,both,linked data,1,1,4,1,1,4,0.4,0.0,5,5
Male,33,Some college,England,both,linked data,2,2,1,4,4,1,0.4,0.0,5,5
Male,47,High school graduate,England,both,linked data,2,2,1,5,5,1,0.2,0.0,5,2
Male,47,High school graduate,England,both,linked data,2,2,2,4,4,2,0.370790811899,0.0,5,2
Male,47,High school graduate,England,both,linked data,2,2,1,5,5,1,0.4,0.0,5,2
Male,47,High school graduate,England,both,linked data,2,2,3,3,4,2,0.2,0.0,5,2
Male,47,High school graduate,England,both,linked data,2,1,3,3,4,3,0.4,0.0,5,2
Male,47,High school graduate,England,both,linked data,1,1,4,2,3,4,0.394337567297,0.0,5,2
Male,42,Bachelor degree,England,both,linked data,2,2,3,4,3,3,0.2,0.0,6,6
Male,42,Bachelor degree,England,both,linked data,1,1,4,2,2,4,0.2,0.0,6,6
Male,42,Bachelor degree,England,both,linked data,1,1,2,2,2,5,0.2,0.0,6,6
Male,42,Bachelor degree,England,both,linked data,1,2,3,3,2,3,0.2,0.0,6,6
Male,42,Bachelor degree,England,both,linked data,2,2,3,4,4,2,0.0,0.0,6,6
Male,42,Bachelor degree,England,both,linked data,2,1,3,3,3,3,0.4,0.0,6,6
Male,42,Bachelor degree,England,both,linked data,2,2,3,3,4,3,0.4,0.0,6,6
Male,42,Bachelor degree,England,both,linked data,2,2,2,4,4,2,0.0,0.0,6,6
Male,42,Bachelor degree,England,both,linked data,1,1,3,2,2,4,0.2,0.0,6,6
Female,56,Some college,Wales,both,linked data,2,2,3,4,3,2,0.4,0.0,6,8
Female,56,Some college,Wales,both,linked data,2,1,4,2,2,4,0.4,0.0,6,8
Female,56,Some college,Wales,both,linked data,1,1,3,1,1,5,0.4,0.0,6,8
Female,56,Some college,Wales,both,linked data,1,1,3,2,2,4,0.2,0.0,6,8
Female,56,Some college,Wales,both,linked data,2,2,2,5,5,1,0.2,0.0,6,8
Female,56,Some college,Wales,both,linked data,2,1,4,2,2,4,0.2,0.0,6,8
Female,56,Some college,Wales,both,linked data,2,1,4,2,3,4,0.2,0.0,6,8
Male,71,High school graduate,England,both,linked data,2,1,5,2,4,5,0.227777777778,0.0,6,5
Male,71,High school graduate,England,both,linked data,1,1,5,1,4,5,0.0471404520791,0.0,6,5
Male,71,High school graduate,England,both,linked data,2,1,5,1,1,5,0.0666666666667,0.0,6,5
Male,71,High school graduate,England,both,linked data,2,1,5,1,2,5,0.163299316186,0.0,6,5
Male,71,High school graduate,England,both,linked data,2,2,1,5,2,3,0.0666666666667,0.0,6,5
Male,71,High school graduate,England,both,linked data,2,1,5,5,5,5,0.4,0.0,6,5
Male,34,Bachelor degree,England,both,linked data,2,2,3,2,4,3,0.2,0.0,6,6
Male,34,Bachelor degree,England,both,linked data,2,2,2,4,4,2,0.2,0.0,6,6
Male,34,Bachelor degree,England,both,linked data,2,1,4,3,3,4,0.4,0.0,6,6
Male,34,Bachelor degree,England,both,linked data,1,2,3,3,3,2,0.2,0.0,6,6
Male,34,Bachelor degree,England,both,linked data,2,2,3,3,3,3,0.0684983054491,0.0,6,6
Male,34,Bachelor degree,England,both,linked data,2,2,2,4,4,2,0.2,0.0,6,6
Male,34,Bachelor degree,England,both,linked data,2,1,4,2,2,4,0.4,0.0,6,6
Male,24,Some college,England,both,linked data,2,1,4,1,2,4,0.4,0.0,3,4
Male,24,Some college,England,both,linked data,1,1,3,1,2,5,0.1235969373,0.0,3,4
Male,24,Some college,England,both,linked data,2,2,2,4,2,2,0.151374715077,0.0,3,4
Male,24,Some college,England,both,linked data,2,1,4,1,2,4,0.4,0.0,3,4
Male,24,Some college,England,both,linked data,2,2,2,5,2,3,0.4,0.0,3,4
Male,24,Some college,England,both,linked data,2,1,5,2,2,4,0.2,0.0,3,4
Male,24,Some college,England,both,linked data,1,1,4,1,2,4,0.4,0.0,3,4
Male,24,Some college,England,both,linked data,1,1,5,1,2,5,0.0,0.0,3,4
Male,52,Master degree,Scotland,both,linked data,2,2,2,4,4,2,0.25,0.0,2,2
Male,52,Master degree,Scotland,both,linked data,1,2,3,4,2,3,0.2,0.0,2,2
Male,52,Master degree,Scotland,both,linked data,1,2,3,3,3,2,0.057735026919,0.0,2,2
Male,52,Master degree,Scotland,both,linked data,2,2,2,4,3,2,0.5,0.0,2,2
Male,52,Master degree,Scotland,both,linked data,1,2,3,3,4,3,0.07453559925,0.0,2,2
Female,21,Bachelor degree,Wales,both,linked data,1,2,2,4,2,2,0.2,0.0,4,5
Female,21,Bachelor degree,Wales,both,linked data,2,2,1,5,5,1,0.2,0.0,4,5
Female,21,Bachelor degree,Wales,both,linked data,2,1,4,2,4,4,0.4,0.0,4,5
Female,21,Bachelor degree,Wales,both,linked data,2,2,1,5,4,1,0.2,0.0,4,5
Female,21,Bachelor degree,Wales,both,linked data,2,1,4,2,4,2,0.4,0.0,4,5
Female,42,Some college,England,both,linked data,2,2,2,5,5,1,0.2,0.0,3,3
Female,42,Some college,England,both,linked data,1,1,4,1,2,4,0.2,0.0,3,3
Female,42,Some college,England,both,linked data,1,1,4,1,3,4,0.2,0.0,3,3
Female,42,Some college,England,both,linked data,2,2,3,3,4,3,0.2,0.0,3,3
Female,42,Some college,England,both,linked data,2,2,1,5,3,3,0.2,0.0,3,3
Male,55,Bachelor degree,England,likeOnly,linked data,2,2,1,4,5,1,0.2,-1.0,6,5
Male,55,Bachelor degree,England,likeOnly,linked data,2,1,4,2,4,4,0.4,-1.0,6,5
Male,55,Bachelor degree,England,likeOnly,linked data,2,2,2,4,4,2,0.2,-1.0,6,5
Male,55,Bachelor degree,England,likeOnly,linked data,1,1,4,2,4,4,0.4,-1.0,6,5
Male,55,Bachelor degree,England,likeOnly,linked data,1,1,4,2,4,4,0.4,-1.0,6,5
Male,55,Bachelor degree,England,likeOnly,linked data,1,1,4,2,4,4,0.4,-1.0,6,5
Female,33,Bachelor degree,England,both,linked data,2,2,1,5,5,1,0.0211288563682,0.0,3,5
Female,33,Bachelor degree,England,both,linked data,1,1,1,1,2,4,0.0,0.0,3,5
Female,33,Bachelor degree,England,both,linked data,1,2,1,4,4,2,0.223888380608,0.0,3,5
Female,33,Bachelor degree,England,both,linked data,2,2,1,5,5,1,0.0,0.0,3,5
Female,33,Bachelor degree,England,both,linked data,1,1,4,1,2,4,0.221128856368,0.0,3,5
Female,33,Bachelor degree,England,both,linked data,1,2,3,3,3,3,0.352062072616,0.0,3,5
Female,33,Bachelor degree,England,both,linked data,1,1,4,2,2,4,0.0197642353761,0.0,3,5
Female,33,Bachelor degree,England,both,linked data,2,2,2,4,5,1,0.4,0.0,3,5
Female,33,Bachelor degree,England,both,linked data,2,2,3,4,4,3,0.4,0.0,3,5
Female,27,Some college,England,both,linked data,2,2,3,4,4,1,0.0,0.0,2,2
Female,27,Some college,England,both,linked data,1,2,2,4,5,2,0.025515518154,0.0,2,2
Female,27,Some college,England,both,linked data,2,2,2,4,4,2,0.0833333333333,0.0,2,2
Female,27,Some college,England,both,linked data,1,1,4,2,2,4,0.2,0.0,2,2
Female,27,Some college,England,both,linked data,1,1,4,3,4,4,0.2,0.0,2,2
Female,27,Some college,England,both,linked data,2,2,1,5,5,1,0.0,0.0,2,2
Female,27,Some college,England,both,linked data,2,2,1,5,5,1,0.0192879187453,0.0,2,2
Male,55,High school graduate,England,likeOnly,linked data,1,1,3,1,2,5,0.2,-1.0,8,8
Male,55,High school graduate,England,likeOnly,linked data,2,1,4,1,3,4,0.2,-1.0,8,8
Male,55,High school graduate,England,likeOnly,linked data,2,1,4,2,4,4,0.4,-1.0,8,8
Male,55,High school graduate,England,likeOnly,linked data,2,1,4,2,4,4,0.4,-1.0,8,8
Male,55,High school graduate,England,likeOnly,linked data,2,2,2,4,4,2,0.4,-1.0,8,8
Male,55,High school graduate,England,likeOnly,linked data,2,1,4,1,4,4,0.4,-1.0,8,8
Male,29,Some college,England,both,linked data,2,1,4,1,2,4,0.4,0.0,4,4
Male,29,Some college,England,both,linked data,2,2,2,4,5,1,0.4,0.0,4,4
Male,29,Some college,England,both,linked data,2,2,1,4,3,2,0.2,0.0,4,4
Male,29,Some college,England,both,linked data,2,2,1,4,5,1,0.2,0.0,4,4
Male,44,Bachelor degree,Scotland,both,linked data,1,2,2,4,3,3,0.0962250448649,0.0,4,2
Male,44,Bachelor degree,Scotland,both,linked data,1,2,2,3,3,4,0.0360843918244,0.0,4,2
Male,44,Bachelor degree,Scotland,both,linked data,2,2,2,2,2,3,0.4,0.0,4,2
Male,44,Bachelor degree,Scotland,both,linked data,2,1,3,2,3,3,0.4,0.0,4,2
Male,44,Bachelor degree,Scotland,both,linked data,2,2,3,3,3,3,0.4,0.0,4,2
Male,50,Bachelor degree,England,both,linked data,2,1,4,2,3,4,0.4,0.0,5,6
Male,50,Bachelor degree,England,both,linked data,1,2,2,4,4,2,0.141621852138,0.0,5,6
Male,50,Bachelor degree,England,both,linked data,2,2,2,4,4,2,0.019641855033,0.0,5,6
Male,50,Bachelor degree,England,both,linked data,2,2,2,4,4,2,0.0853803220575,0.0,5,6
Male,50,Bachelor degree,England,both,linked data,2,2,2,4,4,2,0.184655000429,0.0,5,6
Female,57,Bachelor degree,England,both,linked data,1,1,3,3,2,4,0.2,0.0,5,7
Female,57,Bachelor degree,England,both,linked data,2,2,2,4,3,2,0.2,0.0,5,7
Female,57,Bachelor degree,England,both,linked data,2,1,5,2,2,3,0.2,0.0,5,7
Female,57,Bachelor degree,England,both,linked data,2,1,5,1,1,5,0.4,0.0,5,7
Female,57,Bachelor degree,England,both,linked data,1,1,4,3,2,3,0.2,0.0,5,7
Female,57,Bachelor degree,England,both,linked data,2,1,4,1,2,4,0.2,0.0,5,7
Female,57,Bachelor degree,England,both,linked data,2,1,5,1,2,4,0.4,0.0,5,7
Female,26,Bachelor degree,England,both,linked data,1,1,2,4,2,4,0.2,0.0,7,6
Female,26,Bachelor degree,England,both,linked data,2,2,1,5,5,1,0.0360843918244,0.0,7,6
Female,26,Bachelor degree,England,both,linked data,1,1,3,2,4,4,0.2,0.0,7,6
Female,26,Bachelor degree,England,both,linked data,1,1,5,1,5,4,0.164562072616,0.0,7,6
Female,26,Bachelor degree,England,both,linked data,1,2,2,5,4,2,0.2,0.0,7,6
Female,26,Bachelor degree,England,both,linked data,1,1,3,1,2,5,0.2,0.0,7,6
Male,42,High school graduate,England,likeOnly,linked data,2,2,2,3,3,2,0.4,-1.0,7,8
Male,42,High school graduate,England,likeOnly,linked data,1,1,5,1,3,4,0.4,-1.0,7,8
Male,42,High school graduate,England,likeOnly,linked data,1,1,5,1,2,3,0.2,-1.0,7,8
Male,42,High school graduate,England,likeOnly,linked data,2,2,1,5,3,3,0.4,-1.0,7,8
Male,42,High school graduate,England,likeOnly,linked data,1,1,5,1,2,3,0.2,-1.0,7,8
Male,42,High school graduate,England,likeOnly,linked data,1,1,5,1,2,3,0.4,-1.0,7,8
Female,51,Bachelor degree,England,both,linked data,2,2,1,5,5,1,0.051031036308,0.0,5,6
Female,51,Bachelor degree,England,both,linked data,2,1,4,2,2,4,0.252961424085,0.0,5,6
Female,51,Bachelor degree,England,both,linked data,2,1,4,2,2,3,0.0784037175866,0.0,5,6
Female,51,Bachelor degree,England,both,linked data,2,1,5,1,1,5,0.0416666666667,0.0,5,6
Male,50,Bachelor degree,England,both,linked data,1,1,4,2,1,4,0.143728739283,0.0,6,7
Male,50,Bachelor degree,England,both,linked data,1,1,4,2,1,4,0.2,0.0,6,7
Male,50,Bachelor degree,England,both,linked data,1,1,4,2,2,4,0.4,0.0,6,7
Male,50,Bachelor degree,England,both,linked data,2,2,1,5,5,1,0.194759775591,0.0,6,7
Male,50,Bachelor degree,England,both,linked data,2,2,2,4,4,3,0.179813131107,0.0,6,7
Male,38,Bachelor degree,England,both,linked data,2,2,3,3,2,4,0.2,0.0,5,4
Male,38,Bachelor degree,England,both,linked data,1,1,2,3,1,4,0.2,0.0,5,4
Male,38,Bachelor degree,England,both,linked data,2,1,4,2,2,4,0.4,0.0,5,4
Male,38,Bachelor degree,England,both,linked data,2,2,1,5,3,2,0.4,0.0,5,4
Male,38,Bachelor degree,England,both,linked data,2,2,2,4,3,2,0.354107678326,0.0,5,4
Male,38,Bachelor degree,England,both,linked data,2,1,4,2,2,4,0.4,0.0,5,4
Male,25,Some college,England,both,linked data,2,2,2,5,4,1,0.4,0.0,5,5
Male,25,Some college,England,both,linked data,2,1,5,3,4,3,0.4,0.0,5,5
Male,25,Some college,England,both,linked data,2,1,4,2,4,4,0.4,0.0,5,5
Male,25,Some college,England,both,linked data,2,1,4,3,2,3,0.2,0.0,5,5
Female,39,Some college,England,both,linked data,2,2,2,4,4,2,0.553553390593,0.0,4,4
Female,39,Some college,England,both,linked data,2,1,4,2,2,4,0.4,0.0,4,4
Female,39,Some college,England,both,linked data,1,1,2,2,2,4,0.0,0.0,4,4
Female,39,Some college,England,both,linked data,2,2,4,2,2,4,0.270710678119,0.0,4,4
Female,39,Some college,England,both,linked data,2,1,2,2,2,4,0.553553390593,0.0,4,4
Female,39,Some college,England,both,linked data,2,2,2,4,4,2,0.2,0.0,4,4
Female,39,Some college,England,both,linked data,2,1,4,2,2,4,0.0,0.0,4,4
Female,31,High school graduate,England,both,linked data,2,2,3,4,3,2,0.4,0.0,5,3
Female,31,High school graduate,England,both,linked data,2,2,2,4,3,2,0.4,0.0,5,3
Female,31,High school graduate,England,both,linked data,2,2,2,4,4,2,0.4,0.0,5,3
Female,31,High school graduate,England,both,linked data,2,2,2,4,3,2,0.4,0.0,5,3
Male,36,Some college,Scotland,both,linked data,1,1,5,1,1,5,0.4,0.0,5,5
Male,36,Some college,Scotland,both,linked data,1,1,5,1,1,5,0.4,0.0,5,5
Male,36,Some college,Scotland,both,linked data,1,1,5,1,1,5,0.2,0.0,5,5
Male,36,Some college,Scotland,both,linked data,1,1,5,1,1,5,0.2,0.0,5,5
Male,36,Some college,Scotland,both,linked data,1,1,5,1,1,5,0.0416666666667,0.0,5,5
Male,36,Some college,Scotland,both,linked data,1,1,5,1,1,5,0.2,0.0,5,5
Male,36,Some college,Scotland,both,linked data,1,1,5,1,1,5,0.0,0.0,5,5
Male,36,Some college,Scotland,both,linked data,1,1,5,1,1,5,0.4,0.0,5,5
Male,36,Some college,Scotland,both,linked data,1,1,5,1,1,5,0.0,0.0,5,5
Female,61,High school graduate,England,both,linked data,2,1,4,2,3,4,0.4,0.0,6,3
Female,61,High school graduate,England,both,linked data,2,2,2,4,4,3,0.2,0.0,6,3
Female,61,High school graduate,England,both,linked data,1,1,3,3,3,3,0.051031036308,0.0,6,3
Female,61,High school graduate,England,both,linked data,2,2,2,4,4,2,0.051031036308,0.0,6,3
Female,61,High school graduate,England,both,linked data,1,1,4,1,2,4,0.0,0.0,6,3
Female,61,High school graduate,England,both,linked data,2,2,2,4,3,2,0.2,0.0,6,3
Male,31,High school graduate,England,likeOnly,linked data,2,1,3,2,4,3,0.0,-1.0,2,2
Male,31,High school graduate,England,likeOnly,linked data,2,1,2,4,4,3,0.5,-1.0,2,2
Male,31,High school graduate,England,likeOnly,linked data,2,2,4,3,3,3,0.2,-1.0,2,2
Male,31,High school graduate,England,likeOnly,linked data,2,2,3,4,3,5,0.5,-1.0,2,2
Male,31,High school graduate,England,likeOnly,linked data,1,1,4,5,5,4,0.45,-1.0,2,2
Male,31,High school graduate,England,likeOnly,linked data,2,2,3,3,3,3,0.5,-1.0,2,2
Female,23,High school graduate,England,both,linked data,2,2,1,5,4,1,0.2,0.0,3,3
Female,23,High school graduate,England,both,linked data,2,2,1,5,4,1,0.166666666667,0.0,3,3
Female,23,High school graduate,England,both,linked data,2,1,4,2,3,4,0.4,0.0,3,3
Female,23,High school graduate,England,both,linked data,2,2,2,4,5,1,0.4,0.0,3,3
Female,23,High school graduate,England,both,linked data,1,1,4,1,1,4,0.2,0.0,3,3
Female,23,High school graduate,England,both,linked data,1,1,4,1,1,5,0.4,0.0,3,3
Male,19,High school graduate,England,likeOnly,linked data,2,2,4,2,4,5,0.0430331482912,-1.0,4,2
Male,19,High school graduate,England,likeOnly,linked data,1,1,5,1,3,5,0.4,-1.0,4,2
Male,19,High school graduate,England,likeOnly,linked data,2,1,4,2,2,4,0.028171808491,-1.0,4,2
Male,19,High school graduate,England,likeOnly,linked data,1,1,5,1,4,5,0.4,-1.0,4,2
Male,19,High school graduate,England,likeOnly,linked data,1,1,4,3,4,4,0.4,-1.0,4,2
Male,19,High school graduate,England,likeOnly,linked data,2,1,5,3,4,3,0.4,-1.0,4,2
Female,64,Bachelor degree,England,both,linked data,2,2,3,3,4,2,0.2,0.0,7,6
Female,64,Bachelor degree,England,both,linked data,1,2,3,3,1,4,0.2,0.0,7,6
Female,64,Bachelor degree,England,both,linked data,1,1,1,1,1,4,0.2,0.0,7,6
Female,64,Bachelor degree,England,both,linked data,1,1,4,2,3,4,0.4,0.0,7,6
Female,64,Bachelor degree,England,both,linked data,1,2,2,4,2,4,0.2,0.0,7,6
Female,64,Bachelor degree,England,both,linked data,2,1,4,2,4,4,0.4,0.0,7,6
Female,64,Bachelor degree,England,both,linked data,2,2,2,3,4,2,0.4,0.0,7,6
Female,64,Bachelor degree,England,both,linked data,1,2,3,4,4,3,0.4,0.0,7,6
Female,64,Bachelor degree,England,both,linked data,2,1,4,2,4,3,0.4,0.0,7,6
Female,47,High school graduate,England,both,linked data,1,2,3,3,4,3,0.051031036308,0.0,5,7
Female,47,High school graduate,England,both,linked data,2,1,4,2,3,4,0.4,0.0,5,7
Female,47,High school graduate,England,both,linked data,2,2,3,3,4,2,0.4,0.0,5,7
Female,47,High school graduate,England,both,linked data,2,2,1,5,5,1,0.4,0.0,5,7
Female,47,High school graduate,England,both,linked data,2,1,4,2,2,4,0.4,0.0,5,7
Female,47,High school graduate,England,both,linked data,2,2,2,4,4,2,0.4,0.0,5,7
Female,47,High school graduate,England,both,linked data,1,2,1,5,3,2,0.2,0.0,5,7
Female,56,Some college,Wales,both,linked data,1,1,3,2,2,3,0.2,0.0,5,5
Female,56,Some college,Wales,both,linked data,2,2,3,3,3,2,0.2,0.0,5,5
Female,56,Some college,Wales,both,linked data,1,2,2,4,4,2,0.4,0.0,5,5
Female,56,Some college,Wales,both,linked data,1,1,3,2,2,4,0.4,0.0,5,5
Female,56,Some college,Wales,both,linked data,2,2,2,4,4,2,0.2,0.0,5,5
Female,56,Some college,Wales,both,linked data,1,1,3,1,1,5,0.4,0.0,5,5
Female,25,Some college,England,likeOnly,linked data,2,2,1,5,4,1,0.4,-1.0,5,7
Female,25,Some college,England,likeOnly,linked data,2,2,2,4,4,1,0.2,-1.0,5,7
Female,25,Some college,England,likeOnly,linked data,1,1,5,1,1,5,0.2,-1.0,5,7
Female,25,Some college,England,likeOnly,linked data,2,1,4,1,2,4,0.4,-1.0,5,7
Female,25,Some college,England,likeOnly,linked data,1,1,3,1,1,5,0.4,-1.0,5,7
Female,25,Some college,England,likeOnly,linked data,2,1,3,2,3,4,0.4,-1.0,5,7
Female,35,Master degree,England,likeOnly,linked data,1,1,5,1,1,4,0.4,-1.0,4,4
Female,35,Master degree,England,likeOnly,linked data,2,1,5,1,1,4,0.4,-1.0,4,4
Female,35,Master degree,England,likeOnly,linked data,1,1,4,2,2,5,0.4,-1.0,4,4
Female,35,Master degree,England,likeOnly,linked data,2,2,2,4,4,2,0.0,-1.0,4,4
Female,35,Master degree,England,likeOnly,linked data,2,1,4,2,2,4,0.4,-1.0,4,4
Female,35,Master degree,England,likeOnly,linked data,1,2,2,4,4,2,0.2,-1.0,4,4
Female,45,Bachelor degree,England,both,linked data,2,1,2,2,2,5,0.4,0.0,4,7
Female,45,Bachelor degree,England,both,linked data,1,1,2,2,2,5,0.4,0.0,4,7
Female,45,Bachelor degree,England,both,linked data,1,1,2,2,2,4,0.2,0.0,4,7
Female,45,Bachelor degree,England,both,linked data,2,1,4,2,2,5,0.2,0.0,4,7
Female,45,Bachelor degree,England,both,linked data,1,1,3,3,3,3,0.2,0.0,4,7
Female,45,Bachelor degree,England,both,linked data,1,1,3,3,3,3,0.2,0.0,4,7
Male,40,Some college,England,likeOnly,linked data,2,2,3,4,4,2,0.4,-1.0,4,4
Male,40,Some college,England,likeOnly,linked data,2,2,3,4,4,2,0.4,-1.0,4,4
Male,40,Some college,England,likeOnly,linked data,2,2,2,4,4,2,0.0,-1.0,4,4
Male,40,Some college,England,likeOnly,linked data,2,1,4,2,3,4,0.4,-1.0,4,4
Male,40,Some college,England,likeOnly,linked data,1,1,4,3,3,3,0.4,-1.0,4,4
Male,40,Some college,England,likeOnly,linked data,1,1,3,3,3,3,0.2,-1.0,4,4
Male,49,Bachelor degree,England,likeOnly,linked data,1,1,4,2,3,3,0.019702760156,-1.0,5,6
Male,49,Bachelor degree,England,likeOnly,linked data,1,1,3,2,2,3,0.125,-1.0,5,6
Male,49,Bachelor degree,England,likeOnly,linked data,2,2,1,1,5,1,0.4,-1.0,5,6
Male,49,Bachelor degree,England,likeOnly,linked data,1,1,2,2,2,5,0.4,-1.0,5,6
Male,49,Bachelor degree,England,likeOnly,linked data,2,2,1,5,5,1,0.4,-1.0,5,6
Male,49,Bachelor degree,England,likeOnly,linked data,2,2,2,2,2,4,0.4,-1.0,5,6
Male,52,Bachelor degree,England,both,linked data,2,1,4,2,3,4,0.136082763488,0.0,5,3
Male,52,Bachelor degree,England,both,linked data,2,2,2,4,4,2,0.2,0.0,5,3
Male,52,Bachelor degree,England,both,linked data,2,1,4,2,3,4,0.4,0.0,5,3
Male,43,Master degree,England,likeOnly,linked data,1,1,4,2,2,4,0.0558094815263,-1.0,7,7
Male,43,Master degree,England,likeOnly,linked data,2,1,3,3,3,3,0.33745992107,-1.0,7,7
Male,43,Master degree,England,likeOnly,linked data,2,2,3,4,3,2,0.4,-1.0,7,7
Male,43,Master degree,England,likeOnly,linked data,2,2,3,4,4,2,0.4,-1.0,7,7
Male,43,Master degree,England,likeOnly,linked data,2,2,3,4,4,2,0.4,-1.0,7,7
Male,43,Master degree,England,likeOnly,linked data,2,2,3,4,4,2,0.228216490174,-1.0,7,7
Female,33,Master degree,England,likeOnly,linked data,2,2,2,4,4,2,0.2,-1.0,6,3
Female,33,Master degree,England,likeOnly,linked data,2,1,4,2,3,4,0.2,-1.0,6,3
Female,33,Master degree,England,likeOnly,linked data,2,1,4,2,3,3,0.100592231766,-1.0,6,3
Female,33,Master degree,England,likeOnly,linked data,2,1,4,2,2,4,0.0452692882201,-1.0,6,3
Female,33,Master degree,England,likeOnly,linked data,2,2,2,4,4,2,0.2,-1.0,6,3
Female,33,Master degree,England,likeOnly,linked data,2,2,3,4,3,4,0.2,-1.0,6,3
Male,35,Master degree,England,both,linked data,2,1,4,2,2,3,0.2,0.0,7,4
Male,35,Master degree,England,both,linked data,2,2,2,4,4,2,0.227032572497,0.0,7,4
Male,35,Master degree,England,both,linked data,1,2,2,4,3,3,0.110517171552,0.0,7,4
Male,35,Master degree,England,both,linked data,1,1,3,2,2,4,0.2,0.0,7,4
Male,35,Master degree,England,both,linked data,2,1,4,3,3,4,0.4,0.0,7,4
Male,35,Master degree,England,both,linked data,1,1,4,2,2,3,0.4,0.0,7,4
Female,43,Bachelor degree,England,both,linked data,1,1,3,2,4,3,0.2,0.0,7,5
Female,43,Bachelor degree,England,both,linked data,2,2,2,4,4,2,0.4,0.0,7,5
Female,43,Bachelor degree,England,both,linked data,2,2,1,5,4,1,0.4,0.0,7,5
Female,43,Bachelor degree,England,both,linked data,2,1,3,3,3,3,0.2,0.0,7,5
Female,43,Bachelor degree,England,both,linked data,2,2,2,4,4,2,0.2,0.0,7,5
Female,43,Bachelor degree,England,both,linked data,2,1,4,2,4,4,0.4,0.0,7,5
Male,58,Advanced graduate or Ph.D.,England,both,linked data,1,1,4,2,3,3,0.2,0.0,7,5
Male,58,Advanced graduate or Ph.D.,England,both,linked data,2,2,3,3,4,2,0.4,0.0,7,5
Male,58,Advanced graduate or Ph.D.,England,both,linked data,2,1,3,3,4,3,0.2,0.0,7,5
Male,58,Advanced graduate or Ph.D.,England,both,linked data,1,1,5,1,3,4,0.4,0.0,7,5
Male,58,Advanced graduate or Ph.D.,England,both,linked data,2,1,4,2,3,3,0.4,0.0,7,5
Male,58,Advanced graduate or Ph.D.,England,both,linked data,2,2,1,5,5,1,0.2,0.0,7,5
Male,58,Advanced graduate or Ph.D.,England,both,linked data,2,2,2,4,4,2,0.2,0.0,7,5
Female,33,Master degree,England,both,linked data,2,1,4,2,2,4,0.4,0.0,8,5
Female,33,Master degree,England,both,linked data,2,1,4,2,2,4,0.4,0.0,8,5
Female,33,Master degree,England,both,linked data,1,1,4,2,1,5,0.2,0.0,8,5
Female,33,Master degree,England,both,linked data,1,2,3,3,2,3,0.4,0.0,8,5
Female,33,Master degree,England,both,linked data,2,1,4,2,2,4,0.4,0.0,8,5
Female,33,Master degree,England,both,linked data,2,2,3,3,3,3,0.4,0.0,8,5
Female,33,Master degree,England,both,linked data,1,1,4,2,2,4,0.0438152852553,0.0,8,5
Female,33,Master degree,England,both,linked data,2,2,3,3,3,3,0.2,0.0,8,5
Female,33,Master degree,England,both,linked data,2,1,4,2,2,4,0.2,0.0,8,5
Male,22,High school graduate,England,both,linked data,2,2,2,4,4,2,0.204124145232,0.0,2,1
Male,22,High school graduate,England,both,linked data,2,2,1,5,5,1,0.204124145232,0.0,2,1
Male,22,High school graduate,England,both,linked data,1,1,4,2,2,4,0.533333333333,0.0,2,1
Male,22,High school graduate,England,both,linked data,2,2,2,4,3,2,0.25,0.0,2,1
Male,22,High school graduate,England,both,linked data,2,2,2,4,4,2,0.25,0.0,2,1
Male,22,High school graduate,England,both,linked data,2,2,2,4,4,2,0.176776695297,0.0,2,1
Male,22,High school graduate,England,both,linked data,1,1,3,3,2,3,0.4,0.0,2,1
Female,28,High school graduate,Scotland,both,linked data,1,1,4,2,3,4,0.4,0.0,7,10
Female,28,High school graduate,Scotland,both,linked data,2,1,5,1,1,5,0.2,0.0,7,10
Female,28,High school graduate,Scotland,both,linked data,2,1,4,1,1,4,0.4,0.0,7,10
Female,28,High school graduate,Scotland,both,linked data,2,1,5,1,1,4,0.4,0.0,7,10
Female,28,High school graduate,Scotland,both,linked data,1,1,5,1,1,4,0.2,0.0,7,10
Male,19,High school graduate,England,both,linked data,2,1,4,3,4,3,0.4,0.0,5,4
Male,19,High school graduate,England,both,linked data,1,1,5,5,3,5,0.2,0.0,5,4
Male,19,High school graduate,England,both,linked data,2,1,4,2,3,4,0.4,0.0,5,4
Male,19,High school graduate,England,both,linked data,2,2,2,4,4,2,0.4,0.0,5,4
Male,19,High school graduate,England,both,linked data,2,2,1,5,5,1,0.4,0.0,5,4
Male,61,None,England,both,linked data,2,2,3,3,4,2,0.0481125224325,0.0,4,3
Male,61,None,England,both,linked data,2,2,1,5,5,1,0.235702260396,0.0,4,3
Male,61,None,England,both,linked data,2,2,3,3,3,3,0.0555555555556,0.0,4,3
Male,61,None,England,both,linked data,2,2,1,3,3,1,0.0175682092232,0.0,4,3
Male,61,None,England,both,linked data,2,2,1,3,3,1,0.0948392656215,0.0,4,3
Male,30,Some college,England,both,linked data,2,2,3,2,3,3,0.2,0.0,4,6
Male,30,Some college,England,both,linked data,2,1,4,2,3,3,0.4,0.0,4,6
Male,30,Some college,England,both,linked data,1,1,4,2,3,4,0.4,0.0,4,6
Male,30,Some college,England,both,linked data,2,2,3,2,3,2,0.2,0.0,4,6
Male,30,Some college,England,both,linked data,2,1,5,1,2,5,0.4,0.0,4,6
Female,45,None,England,likeOnly,linked data,1,2,3,4,4,2,0.0,-1.0,3,3
Female,45,None,England,likeOnly,linked data,1,2,2,4,4,1,0.4,-1.0,3,3
Female,45,None,England,likeOnly,linked data,1,1,3,3,4,4,0.4,-1.0,3,3
Female,45,None,England,likeOnly,linked data,2,2,2,4,5,1,0.0,-1.0,3,3
Female,45,None,England,likeOnly,linked data,2,2,3,3,2,2,0.4,-1.0,3,3
Female,45,None,England,likeOnly,linked data,2,2,2,4,4,2,0.4,-1.0,3,3
Female,25,Bachelor degree,England,both,linked data,2,2,5,3,3,2,0.2,0.0,5,8
Female,25,Bachelor degree,England,both,linked data,2,2,4,1,3,4,0.4,0.0,5,8
Female,25,Bachelor degree,England,both,linked data,2,2,2,4,5,2,0.0625,0.0,5,8
Female,25,Bachelor degree,England,both,linked data,2,2,2,4,4,2,0.4,0.0,5,8
Female,25,Bachelor degree,England,both,linked data,2,1,2,4,3,3,0.4,0.0,5,8
Female,25,Bachelor degree,England,both,linked data,2,2,1,5,3,3,0.4,0.0,5,8
Female,25,Bachelor degree,England,both,linked data,2,2,4,2,4,3,0.232274861218,0.0,5,8
Female,70,Bachelor degree,England,both,linked data,2,1,4,2,2,4,0.4,0.0,5,5
Female,70,Bachelor degree,England,both,linked data,1,1,4,2,4,2,0.0179253011002,0.0,5,5
Female,70,Bachelor degree,England,both,linked data,1,1,3,1,1,5,0.361535507165,0.0,5,5
Female,70,Bachelor degree,England,both,linked data,2,1,4,1,3,3,0.4,0.0,5,5
Female,70,Bachelor degree,England,both,linked data,2,2,2,4,4,1,0.2,0.0,5,5
Female,70,Bachelor degree,England,both,linked data,1,1,3,1,2,5,0.2,0.0,5,5
Female,57,Bachelor degree,England,both,linked data,2,1,5,1,2,5,0.2,0.0,6,6
Female,57,Bachelor degree,England,both,linked data,1,2,2,4,2,2,0.4,0.0,6,6
Female,57,Bachelor degree,England,both,linked data,1,1,4,2,3,4,0.4,0.0,6,6
Female,57,Bachelor degree,England,both,linked data,2,1,4,1,2,4,0.4,0.0,6,6
Female,28,Master degree,England,likeOnly,linked data,2,1,4,3,4,4,0.4,-1.0,4,9
Female,28,Master degree,England,likeOnly,linked data,2,1,4,3,4,4,0.4,-1.0,4,9
Female,28,Master degree,England,likeOnly,linked data,2,2,2,3,2,2,0.4,-1.0,4,9
Female,28,Master degree,England,likeOnly,linked data,2,2,2,2,3,3,0.068041381744,-1.0,4,9
Female,28,Master degree,England,likeOnly,linked data,2,1,4,3,4,4,0.4,-1.0,4,9
Female,28,Master degree,England,likeOnly,linked data,2,2,4,2,4,4,0.2,-1.0,4,9
Female,57,Bachelor degree,England,likeOnly,linked data,2,2,3,3,3,3,0.4,-1.0,8,9
Female,57,Bachelor degree,England,likeOnly,linked data,2,1,5,1,2,4,0.4,-1.0,8,9
Female,57,Bachelor degree,England,likeOnly,linked data,1,1,5,1,2,5,0.2,-1.0,8,9
Female,57,Bachelor degree,England,likeOnly,linked data,2,1,5,1,2,5,0.4,-1.0,8,9
Female,57,Bachelor degree,England,likeOnly,linked data,1,1,4,2,3,4,0.4,-1.0,8,9
Female,57,Bachelor degree,England,likeOnly,linked data,1,1,4,1,5,4,0.2,-1.0,8,9
Female,51,Bachelor degree,Scotland,both,linked data,2,2,1,5,5,1,0.0,0.0,6,6
Female,51,Bachelor degree,Scotland,both,linked data,2,1,4,1,2,4,0.4,0.0,6,6
Female,51,Bachelor degree,Scotland,both,linked data,1,1,3,2,2,4,0.0,0.0,6,6
Female,51,Bachelor degree,Scotland,both,linked data,2,1,4,1,2,4,0.4,0.0,6,6
Female,51,Bachelor degree,Scotland,both,linked data,1,1,4,1,2,4,0.4,0.0,6,6
Female,51,Bachelor degree,Scotland,both,linked data,1,1,4,2,3,4,0.2,0.0,6,6
Female,39,Master degree,England,both,linked data,2,1,4,2,2,4,0.4,0.0,4,6
Female,39,Master degree,England,both,linked data,1,1,3,1,1,4,0.4,0.0,4,6
Female,39,Master degree,England,both,linked data,2,1,4,2,2,4,0.0,0.0,4,6
Female,39,Master degree,England,both,linked data,2,2,2,4,3,3,0.4,0.0,4,6
Female,39,Master degree,England,both,linked data,2,2,3,4,3,3,0.2,0.0,4,6
Female,39,Master degree,England,both,linked data,2,2,1,5,3,1,0.0,0.0,4,6
Female,56,Bachelor degree,England,both,linked data,1,1,2,2,2,4,0.506186217848,0.0,4,5
Female,56,Bachelor degree,England,both,linked data,1,1,4,2,2,3,0.4,0.0,4,5
Female,56,Bachelor degree,England,both,linked data,1,2,3,3,3,3,0.2,0.0,4,5
Male,43,Some college,England,both,linked data,2,1,4,2,2,4,0.4,0.0,3,3
Male,43,Some college,England,both,linked data,1,1,4,2,2,4,0.2,0.0,3,3
Male,43,Some college,England,both,linked data,2,2,2,4,2,3,0.4,0.0,3,3
Male,43,Some college,England,both,linked data,1,2,2,4,2,3,0.4,0.0,3,3
Male,43,Some college,England,both,linked data,2,1,4,2,2,4,0.4,0.0,3,3
Male,43,Some college,England,both,linked data,1,1,4,2,2,4,0.4,0.0,3,3
Male,43,Some college,England,both,linked data,2,2,2,4,2,4,0.4,0.0,3,3
